"Variable / Field Name","Form Name","Section Header","Field Type","Field Label","Choices, Calculations, OR Slider Labels","Field Note","Text Validation Type OR Show Slider Number","Text Validation Min","Text Validation Max",Identifier?,"Branching Logic (Show field only if...)","Required Field?","Custom Alignment","Question Number (surveys only)","Matrix Group Name","Matrix Ranking?","Field Annotation"
linkblue_ref,pub_validation_2,,descriptive,[linkblue],,,,,,,,,,,,," @HIDDEN"
salut_v2,pub_validation_2,,descriptive,"Dear [salutation] [name],",,,,,,,,,,,,,
yr1intro_v2,pub_validation_2,,descriptive,"<div class=""rich-text-field-label""><p><span style=""font-size: 10pt; font-weight: normal;"">Records indicate that in </span><span style=""font-size: 10pt;"">[year1]</span><span style=""font-size: 10pt; font-weight: normal;""> you requested </span><span style=""font-size: 10pt;"">[services_req_year1]</span><span style=""font-size: 10pt; font-weight: normal;""> services(s) from the Center for Clinical and Translational Science (CCTS).</span></p></div>",,,,,,,[year1]='2019',,,,,,
supported_pubs_2019,pub_validation_2,,notes,"<div class=""rich-text-field-label""><p><span style=""font-weight: normal;"">Please indicate with of the following publications was supported by the Center for Clinical and Translational Science (CCTS) services provided.</span></p></div>",,,,,,,"[year1] = '2019'",,,,,,
yr2intro_v2,pub_validation_2," ",descriptive,"<div class=""rich-text-field-label""><p><span style=""font-weight: normal;"">In </span>[year2]<span style=""font-weight: normal;"">, you requested</span> [services_req_year2]<span style=""font-weight: normal;""> service(s) from CCTS.</span></p></div>",,,,,,,"[year2]= '2020'",,,,,,
supported_pubs_2020,pub_validation_2,,notes,"<div class=""rich-text-field-label""><p><span style=""font-weight: normal;"">Please indicate with of the following publications was supported by the Center for Clinical and Translational Science (CCTS) services provided.</span></p></div>",,,,,,,"[year2] = '2020'",,,,,,
yr2intro_3_v2,pub_validation_2," ",descriptive,"<div class=""rich-text-field-label""><p><span style=""font-weight: normal;"">In </span>[year3]<span style=""font-weight: normal;"">, you requested </span>[services_req_year3]<span style=""font-weight: normal;""> service(s) from CCTS.</span></p></div>",,,,,,,"[year3]= '2021'",,,,,,
supported_pubs_2021,pub_validation_2,,notes,"<div class=""rich-text-field-label""><p><span style=""font-weight: normal;"">Please indicate with of the following publications was supported by the Center for Clinical and Translational Science (CCTS) services provided.</span></p></div>",,,,,,,"[year3] = '2021'",,,,,,
yr2intro_4_v2,pub_validation_2," ",descriptive,"<div class=""rich-text-field-label""><p><span style=""font-weight: normal;"">In </span>[year4]<span style=""font-weight: normal;"">, you requested </span>[services_req_year4]<span style=""font-weight: normal;""> service(s) from CCTS.</span></p></div>",,,,,,,"[year4]= '2022'",,,,,,
supported_pubs_2022,pub_validation_2,,notes,"<div class=""rich-text-field-label""><p><span style=""font-weight: normal;"">Please indicate with of the following publications was supported by the Center for Clinical and Translational Science (CCTS) services provided.</span></p></div>",,,,,,,"[year4] = '2022'",,,,,,
yr2intro_5_v2,pub_validation_2," ",descriptive,"<div class=""rich-text-field-label""><p><span style=""font-weight: normal;"">In </span>[year5]<span style=""font-weight: normal;"">, you requested </span>[services_req_year5]<span style=""font-weight: normal;""> service(s) from CCTS.</span></p></div>",,,,,,,"[year5]= '2023'",,,,,,
supported_pubs_2023,pub_validation_2,,notes,"<div class=""rich-text-field-label""><p><span style=""font-weight: normal;"">Please indicate with of the following publications was supported by the Center for Clinical and Translational Science (CCTS) services provided.</span></p></div>",,,,,,,"[year5] = '2023'",,,,,,
